Event Name,Date and Time,Location,Description
Startup Pitch,3/14/2024 13:32,Art Gallery,Relax and rejuvenate with this peaceful retreat.
Quiz Night,6/3/2024 2:07,Beachside Arena,Delicious food and amazing vibes.
Storytelling Session,5/4/2024 9:06,University Auditorium,Learn from experts in this hands-on workshop.
AI Summit,9/12/2024 17:32,Central Park,Join us for a day of creativity and inspiration.
Science Fair,10/27/2024 13:00,Downtown Hall,Explore the latest trends in the field.
Photography Workshop,10/22/2024 10:45,City Library,Learn from experts in this hands-on workshop.
Book Launch,11/23/2024 3:55,Community Center,An educational experience for all.
Meditation Workshop,12/20/2024 12:26,Downtown Hall,Learn from experts in this hands-on workshop.
Literature Talk,10/17/2024 23:15,Art Gallery,A fun and engaging event for all ages.
Digital Marketing Webinar,4/9/2024 14:52,City Library,Join us for a day of creativity and inspiration.
Magic Show,10/9/2024 5:13,City Library,Celebrate the launch of an exciting new book.
Science Fair,8/31/2024 15:27,Art Gallery,Delicious food and amazing vibes.
Comedy Show,12/13/2024 5:03,City Library,Delicious food and amazing vibes.
Comedy Show,5/14/2024 22:59,Art Gallery,An opportunity to showcase innovative ideas.
Cooking Class,3/19/2024 11:58,Art Gallery,Delicious food and amazing vibes.
Dance Competition,3/17/2024 6:08,Local Cafe,Celebrate the launch of an exciting new book.
Networking Event,7/17/2024 6:48,University Auditorium,Join us for a day of creativity and inspiration.
Community Cleanup,12/20/2024 0:15,Art Gallery,Enjoy a captivating film with the community.
Startup Meetup,6/16/2024 19:22,Central Park,Delicious food and amazing vibes.
Literature Talk,8/9/2024 1:02,University Auditorium,A fun and engaging event for all ages.
Book Launch,3/7/2024 21:36,Downtown Hall,Delicious food and amazing vibes.
Art Exhibition,9/20/2024 13:02,City Library,Relax and rejuvenate with this peaceful retreat.
Yoga Retreat,1/17/2024 13:58,Downtown Hall,Join us for a day of creativity and inspiration.
Food Carnival,3/15/2024 21:13,Art Gallery,Delicious food and amazing vibes.
Startup Pitch,1/13/2024 19:18,Central Park,Join us for a day of creativity and inspiration.
Gaming Tournament,11/12/2024 15:00,University Auditorium,An opportunity to showcase innovative ideas.
Career Counselling,11/28/2024 6:03,City Library,Delicious food and amazing vibes.
Art Exhibition,9/2/2024 10:35,Downtown Hall,Delicious food and amazing vibes.
Hackathon,5/27/2024 13:55,Community Center,An educational experience for all.
Film Festival,8/5/2024 21:43,Downtown Hall,Join us for a day of creativity and inspiration.
Music Fest,2/28/2024 18:48,Art Gallery,Relax and rejuvenate with this peaceful retreat.
Comedy Show,3/2/2024 19:13,University Auditorium,Enjoy a captivating film with the community.
Environment Day Celebration,10/17/2024 6:44,Art Gallery,Relax and rejuvenate with this peaceful retreat.
Gardening Workshop,2/11/2024 1:05,Local Cafe,Join us for a day of creativity and inspiration.
Entrepreneurship Meetup,7/27/2024 22:31,Community Center,An educational experience for all.
Quiz Night,6/20/2024 22:49,University Auditorium,An opportunity to showcase innovative ideas.
Comedy Show,6/28/2024 6:18,Central Park,Delicious food and amazing vibes.
Magic Show,9/20/2024 17:52,Community Center,Learn from experts in this hands-on workshop.
Quiz Night,6/20/2024 9:58,Convention Center,An opportunity to showcase innovative ideas.
Entrepreneurship Meetup,10/10/2024 14:22,Downtown Hall,Celebrate the launch of an exciting new book.
Robotics Demo,7/12/2024 21:44,Local Cafe,An educational experience for all.
Charity Auction,2/11/2024 13:16,Downtown Hall,Explore the latest trends in the field.
Startup Pitch,4/29/2024 3:46,University Auditorium,Relax and rejuvenate with this peaceful retreat.
Coding Workshop,5/11/2024 14:38,Tech Hub,Delicious food and amazing vibes.
Travel Stories,6/26/2024 6:05,Beachside Arena,Relax and rejuvenate with this peaceful retreat.
Film Festival,2/5/2024 7:18,Central Park,Relax and rejuvenate with this peaceful retreat.
Literature Talk,7/25/2024 1:47,Beachside Arena,Delicious food and amazing vibes.
Literature Talk,10/19/2024 23:20,City Library,An opportunity to showcase innovative ideas.
Music Jam,4/1/2024 5:59,Downtown Hall,An opportunity to showcase innovative ideas.
Startup Pitch,1/14/2024 14:31,Central Park,Celebrate the launch of an exciting new book.
